{
  "generator-jhipster": {
    "promptValues": {
      "packageName": "org.jhipster.blog",
      "nativeLanguage": "en"
    },
    "jhipsterVersion": "5.0.1",
    "applicationType": "monolith",
    "baseName": "blog",
    "packageName": "org.jhipster.blog",
    "packageFolder": "org/jhipster/blog",
    "serverPort": "8080",
    "authenticationType": "jwt",
    "cacheProvider": "ehcache",
    "enableHibernateCache": true,
    "websocket": false,
    "databaseType": "sql",
    "devDatabaseType": "h2Disk",
    "prodDatabaseType": "postgresql",
    "searchEngine": false,
    "messageBroker": false,
    "serviceDiscoveryType": false,
    "buildTool": "maven",
    "enableSwaggerCodegen": false,
    "jwtSecretKey": "b295ef7f3a04dbf1dfe4aa5865c56c08cb850aee",
    "clientFramework": "angularX",
    "useSass": false,
    "clientPackageManager": "yarn",
    "testFrameworks": [
      "protractor"
    ],
    "jhiPrefix": "jhi",
    "enableTranslation": true,
    "nativeLanguage": "en",
    "languages": [
      "en",
      "es"
    ]
  }
}